{"parameters": {"random_state": 42, "number_of_epochs": 1, "learning_rate": 0.01, "first_order_decay_factor": 0.9, "second_order_decay_factor": 0.999}, "inner_model": {"bias_optimizer": {"learning_rate": 0.01, "first_order_decay_factor": 0.9, "second_order_decay_factor": 0.999, "time": 1.0, "first_moment": [0.015703201, -0.015703212], "second_moment": [2.4658722e-05, 2.4658759e-05]}, "weight_optimizers": [{"learning_rate": 0.01, "first_order_decay_factor": 0.9, "second_order_decay_factor": 0.999, "time": 1.0, "first_moment": [0.89700264, -0.8970031, 0.0, 0.0, 0.0, 0.0, 0.0, 0.0, 0.0, 0.0], "second_moment": [0.080460295, 0.080460384, 0.0, 0.0, 0.0, 0.0, 0.0, 0.0, 0.0, 0.0]}, {"learning_rate": 0.01, "first_order_decay_factor": 0.9, "second_order_decay_factor": 0.999, "time": 1.0, "first_moment": [0.0, 0.0, 0.0, 0.0, 0.0, 0.0, 0.0, 0.0, 0.0, 0.0], "second_moment": [0.0, 0.0, 0.0, 0.0, 0.0, 0.0, 0.0, 0.0, 0.0, 0.0]}], "weights": [0.5516332, -0.3588242, -0.17166132, -0.46173447, 0.47466928, 0.35579282, 0.037458718, -0.1339876, 1.1828825, 0.60457736, 0.060023367, -0.4366166, 0.10447413, 0.564817, -0.6911718, -0.37534994, 1.1931088, 1.0415263, 0.666395, -0.0047850013], "bias": [-0.0099997595, 0.00999976], "number_of_epochs": 1, "multilabel": false, "random_state": 13679457532755275413}, "metadata": {"_fitting_was_executed": true}}