{"parameters": {"random_state": 42, "number_of_centroids_per_class": 1, "number_of_epochs": 1, "learning_rate": 0.01, "first_order_decay_factor": 0.9, "second_order_decay_factor": 0.999}, "inner_model": {"centroids": [3.544481, 3.5393133, 3.0424504, 3.057218, 2.9221082, 3.2930963, 3.064969, 3.2794392, 2.6522741, 2.813585, 6.2094865, 5.638341, 4.7035575, 4.4031634, 4.353755, 5.341896, 6.075099, 5.903162, 4.501975, 10.0], "number_of_centroids_per_class": 1, "perceptron": {"bias_optimizer": {"learning_rate": 0.01, "first_order_decay_factor": 0.9, "second_order_decay_factor": 0.999, "time": 1.0, "first_moment": [-0.0054302732, 0.005430264], "second_moment": [2.9487471e-06, 2.9487371e-06]}, "weight_optimizers": [{"learning_rate": 0.01, "first_order_decay_factor": 0.9, "second_order_decay_factor": 0.999, "time": 1.0, "first_moment": [-0.0062054503, -0.0047088945], "second_moment": [3.85071e-06, 2.2173394e-06]}, {"learning_rate": 0.01, "first_order_decay_factor": 0.9, "second_order_decay_factor": 0.999, "time": 1.0, "first_moment": [0.006205441, 0.004708886], "second_moment": [3.8506987e-06, 2.2173313e-06]}], "weights": [0.5927675, -1.019168, -0.6975993, -1.2001251], "bias": [0.009999306, -0.009999306], "number_of_epochs": 1, "multilabel": false, "random_state": 13679457532755275413}}, "metadata": {"_fitting_was_executed": true}}