iter	Logloss
0	0.2137082218
1	0.142908733
